Name,Organization,Order Code,Number of Attempts,Results Delivered,Proteinase K,Binding Solution,Magnetic Beads,Wash Buffer,Ethanol,Elution Buffer,Extraction Nuclease Free Water,RNA Elution Plate Well Location,RNA Elution Plate Barcode,Sample Process Status,RNA Extraction User,RNA Extraction Instrument SN
62020051903414,Boston University,SARSCOV2,0,Pending,53-a453,373!z73,783 5936,9999999999999999999999999,83780578,52450540,0544542782,H5,H990PVB3,RNA Extracted,camg,SN0000
62020051903406,Boston University,SARSCOV2,0,Pending,53-a453,373!z73,783 5936,9999999999999999999999999,83780578,52450540,0544542782,G3,H990PVB3,RNA Extracted,camg,SN0000
62020051903417,Boston University,SARSCOV2,0,Pending,53-a453,373!z73,783 5936,9999999999999999999999999,83780578,52450540,0544542782,H8,H990PVB3,RNA Extracted,camg,SN0000
62020051903410,Boston University,SARSCOV2,0,Pending,53-a453,373!z73,783 5936,9999999999999999999999999,83780578,52450540,0544542782,G7,H990PVB3,RNA Extracted,camg,SN0000
62020051903416,Boston University,SARSCOV2,0,Pending,53-a453,373!z73,783 5936,9999999999999999999999999,83780578,52450540,0544542782,H7,H990PVB3,RNA Extracted,camg,SN0000
62020051903415,Boston University,SARSCOV2,0,Pending,53-a453,373!z73,783 5936,9999999999999999999999999,83780578,52450540,0544542782,H6,H990PVB3,RNA Extracted,camg,SN0000
62020051903407,Boston University,SARSCOV2,0,Pending,53-a453,373!z73,783 5936,9999999999999999999999999,83780578,52450540,0544542782,G4,H990PVB3,RNA Extracted,camg,SN0000
62020051903408,Boston University,SARSCOV2,0,Pending,53-a453,373!z73,783 5936,9999999999999999999999999,83780578,52450540,0544542782,G5,H990PVB3,RNA Extracted,camg,SN0000
62020051903411,Boston University,SARSCOV2,0,Pending,53-a453,373!z73,783 5936,9999999999999999999999999,83780578,52450540,0544542782,G8,H990PVB3,RNA Extracted,camg,SN0000
62020051903413,Boston University,SARSCOV2,0,Pending,53-a453,373!z73,783 5936,9999999999999999999999999,83780578,52450540,0544542782,H4,H990PVB3,RNA Extracted,camg,SN0000
62020051903409,Boston University,SARSCOV2,0,Pending,53-a453,373!z73,783 5936,9999999999999999999999999,83780578,52450540,0544542782,G6,H990PVB3,RNA Extracted,camg,SN0000
62020051903412,Boston University,SARSCOV2,0,Pending,53-a453,373!z73,783 5936,9999999999999999999999999,83780578,52450540,0544542782,H3,H990PVB3,RNA Extracted,camg,SN0000
